{"white": 6882.799999999998, "ochre": 7125.680000000003, "teal": 8823.94, "red": 6968.670000000001, "jade": 6925.749999999999, "violet": 6839.249999999995, "byzantium": 7822.569999999996, "pear": 6930.359999999997, "gold": 7102.349999999997, "turquoise": 6146.400000000001, "fuchsia": 8165.979999999999, "cyan": 6540.139999999999, "aquamarine": 6568.08, "black": 6941.199999999999, "yellow": 6973.869999999995, "cerulean": 6200.319999999998, "magenta": 6355.86, "taupe": 6698.290000000004, "maroon": 6645.770000000004, "azure": 8333.25, "olive": 6438.629999999999, "blush": 7516.06, "indigo": 7521.349999999999, "harlequin": 5924.670000000003, "carmine": 7604.999999999997, "crimson": 6642.930000000001, "brown": 7912.74, "lavender": 6341.310000000004, "scarlet": 7890.010000000001, "orange": 6871.349999999996, "tan": 8576.829999999996, "amethyst": 7553.749999999997, "lemon": 6232.1, "blue": 6395.1900000000005, "green": 7124.040000000002, "periwinkle": 5980.360000000001, "grey": 7752.3899999999985, "raspberry": 7039.550000000004, "cerise": 6311.369999999998, "erin": 6421.999999999996, "mauve": 6717.909999999999, "lilac": 6342.459999999997, "sapphire": 6505.440000000001, "emerald": 6694.140000000002, "apricot": 7460.280000000003, "peach": 6258.380000000001, "beige": 6835.909999999999, "viridian": 6666.689999999999, "silver": 6773.679999999998, "coffee": 7159.940000000001, "amaranth": 6704.460000000002, "amber": 6611.65, "salmon": 6056.960000000001, "bronze": 6436.849999999999, "gray": 7019.099999999998, "champagne": 6177.88, "ivory": 7490.549999999999, "burgundy": 7196.329999999998, "rose": 7246.1100000000015, "orchid": 6349.919999999999, "plum": 7008.520000000003, "ruby": 6207.289999999998, "chocolate": 6757.430000000001, "pink": 6941.079999999999, "ultramarine": 8612.179999999997, "sky": 7411.780000000002, "lime": 7489.490000000001, "purple": 6689.620000000001, "puce": 6238.289999999998, "sangria": 6512.959999999998, "coral": 6711.62, "copper": 6057.800000000002}