{"Plastic": 29566.10000000003, "Marble": 30042.629999999983, "Linen": 29498.90999999999, "Rubber": 28870.759999999987, "Silk": 30814.06999999998, "Steel": 28120.20000000004, "Aluminum": 29264.419999999987, "Cotton": 29027.85999999999, "Concrete": 29557.92000000001, "Bronze": 25826.909999999974, "Leather": 29452.090000000007, "Granite": 28760.270000000004, "Paper": 29648.689999999988, "Wooden": 29713.759999999977, "Wool": 32748.770000000008, "Iron": 28217.82999999997, "Copper": 29253.669999999984}