{"Car": 27730.109999999975, "Clock": 22646.24000000001, "Wallet": 25126.930000000004, "Table": 24440.869999999995, "Shirt": 25699.92999999999, "Bag": 24869.179999999975, "Computer": 26868.350000000013, "Gloves": 25059.760000000002, "Keyboard": 24167.46999999999, "Plate": 25102.090000000004, "Lamp": 24735.92999999998, "Bottle": 24295.28, "Watch": 25495.35, "Coat": 26060.039999999957, "Bench": 24521.050000000007, "Knife": 24496.93999999998, "Shoes": 26059.069999999996, "Pants": 22719.350000000002, "Chair": 23929.909999999993, "Hat": 24361.010000000017}