{"Granite": 28129.26000000004, "Copper": 30290.970000000023, "Bronze": 26891.989999999994, "Cotton": 27389.17, "Leather": 30150.229999999996, "Linen": 29102.9, "Silk": 29743.07999999996, "Wool": 27524.01999999998, "Paper": 30635.649999999998, "Iron": 28714.189999999948, "Steel": 29115.349999999988, "Wooden": 30937.970000000005, "Plastic": 27833.749999999996, "Rubber": 30569.38000000001, "Marble": 29591.359999999964, "Aluminum": 29640.459999999966, "Concrete": 30001.459999999995}