{"Toys": 3350.9900000000002, "Sports": 3729.340000000001, "Health": 2971.6999999999994, "Beauty & Health": 223.73000000000002, "Home & Kids": 205.03000000000003, "Automotive & Industrial": 365.15000000000003, "Home": 2945.37, "Grocery": 3512.0299999999997, "Sports & Tools": 245.45000000000002, "Tools": 2939.9800000000005, "Home & Sports": 36.28, "Industrial & Clothing": 247.82, "Kids": 3399.7799999999997, "Electronics": 2969.91, "Computers": 2872.8399999999992, "Movies": 2675.260000000001, "Clothing": 2862.79, "Beauty": 3131.009999999999, "Outdoors & Sports": 177.5, "Shoes": 3749.09, "Computers & Jewelry": 326.22999999999996, "Beauty & Kids": 117.75, "Clothing & Electronics": 253.14, "Industrial & Outdoors": 16.17, "Books": 2770.080000000001, "Jewelry": 2483.9400000000005, "Jewelry & Movies": 334.22, "Music & Automotive": 157.35, "Games": 3113.48, "Tools & Jewelry": 167.68, "Beauty & Books": 172.25, "Health & Beauty": 223.71, "Grocery & Books": 56.68, "Home & Jewelry": 376.12, "Baby": 2938.15, "Electronics & Books": 80.53, "Shoes & Movies": 175.62, "Shoes & Baby": 137.55, "Computers & Clothing": 318.97, "Garden & Kids": 172.89, "Garden": 3022.2400000000002, "Tools & Electronics": 243.38, "Baby & Shoes": 163.25, "Shoes & Kids": 219.7, "Computers & Books": 219.98000000000002, "Garden & Toys": 265.32, "Toys & Games": 84.57, "Automotive": 2843.439999999999, "Electronics & Automotive": 191.41, "Industrial": 2981.9500000000007, "Computers & Sports": 291.45000000000005, "Music": 3673.9100000000008, "Grocery & Health": 401.51, "Tools & Books": 147.6, "Clothing & Automotive": 65.42999999999999, "Shoes & Garden": 193.95, "Baby & Movies": 190.40000000000003, "Toys & Health": 213.10999999999999, "Electronics & Clothing": 218.47000000000003, "Jewelry & Toys": 119.66, "Home & Outdoors": 255.73, "Games & Tools": 70.96000000000001, "Outdoors": 2293.88, "Health & Garden": 104.58000000000001, "Kids & Electronics": 263.8, "Kids & Movies": 42.480000000000004, "Tools & Toys": 138.70999999999998, "Toys & Sports": 272.82, "Sports & Grocery": 390.26, "Outdoors & Health": 176.4, "Baby & Music": 172.95000000000002, "Computers & Industrial": 301.31, "Jewelry & Grocery": 0.88, "Electronics & Home": 227.42999999999998, "Clothing & Jewelry": 268.55, "Jewelry & Shoes": 264.66999999999996, "Automotive & Baby": 119.53, "Industrial & Electronics": 422.17, "Automotive & Clothing": 47.56, "Computers & Garden": 139.73999999999998, "Tools & Grocery": 59.589999999999996, "Automotive & Health": 247.03, "Beauty & Automotive": 85.24000000000001, "Baby & Industrial": 33.61, "Tools & Beauty": 225.27999999999997, "Shoes & Sports": 204.71, "Movies & Computers": 204.23, "Home & Shoes": 278.53999999999996, "Games & Industrial": 300.78999999999996, "Baby & Grocery": 258.3, "Clothing & Kids": 206.94, "Shoes & Toys": 45.16, "Tools & Garden": 153.45, "Music & Movies": 122.02, "Industrial & Sports": 81.13, "Kids & Games": 328.52, "Sports & Home": 49.01, "Movies & Clothing": 106.17999999999999, "Home & Garden": 121.86000000000001, "Clothing & Movies": 216.64, "Movies & Jewelry": 333.73, "Movies & Health": 59.83, "Jewelry & Outdoors": 67.19, "Books & Music": 165.82999999999998, "Electronics & Baby": 115.80999999999999, "Beauty & Music": 102.86, "Music & Jewelry": 388.04, "Grocery & Industrial": 215.71999999999997, "Movies & Home": 110.71000000000001, "Outdoors & Toys": 183.63, "Books & Toys": 334.46000000000004, "Garden & Movies": 107.27000000000001, "Tools & Baby": 166.51, "Industrial & Grocery": 158.09, "Music & Baby": 162.82, "Toys & Beauty": 200.12, "Health & Sports": 146.28, "Home & Health": 222.57999999999998, "Shoes & Books": 177.25, "Games & Health": 93.01, "Kids & Health": 165.55, "Sports & Clothing": 128.95, "Clothing & Garden": 176.81, "Clothing & Outdoors": 54.13, "Electronics & Outdoors": 269.75, "Home & Music": 181.29000000000002, "Grocery & Beauty": 157.4, "Electronics & Garden": 88.72, "Beauty & Grocery": 22.79, "Automotive & Shoes": 89.04, "Music & Beauty": 59.36, "Garden & Shoes": 181.61, "Music & Clothing": 100.83, "Health & Clothing": 252.47, "Baby & Electronics": 18.84, "Books & Computers": 171.3, "Sports & Shoes": 234.7, "Electronics & Industrial": 68.93, "Clothing & Shoes": 125.74999999999999, "Health & Movies": 286.46999999999997, "Grocery & Kids": 57.97, "Games & Sports": 185.3, "Industrial & Baby": 229.81, "Toys & Electronics": 224.08000000000004, "Music & Grocery": 107.99000000000001, "Electronics & Tools": 199.41, "Books & Beauty": 222.62000000000003, "Beauty & Home": 4.07, "Books & Kids": 248.26, "Home & Computers": 190.58, "Outdoors & Electronics": 102.80000000000001, "Computers & Music": 239.99, "Garden & Automotive": 233.29999999999998, "Health & Jewelry": 391.21000000000004, "Baby & Books": 28.2, "Kids & Sports": 217.85999999999999, "Toys & Garden": 52.2, "Automotive & Tools": 65.73, "Grocery & Home": 159.51, "Computers & Shoes": 255.57, "Garden & Home": 266.97, "Computers & Tools": 127.33999999999999, "Shoes & Games": 331.73, "Kids & Garden": 164.63, "Toys & Home": 92.06, "Outdoors & Shoes": 83.17999999999999, "Automotive & Grocery": 243.01, "Books & Sports": 330.09999999999997, "Movies & Toys": 277.44, "Kids & Automotive": 171.28, "Computers & Games": 191.66, "Music & Industrial": 122.42, "Health & Shoes": 97.05, "Outdoors & Beauty": 69.97, "Movies & Shoes": 162.0, "Tools & Movies": 343.74, "Baby & Kids": 92.80999999999999, "Sports & Health": 84.59, "Music & Sports": 193.94, "Clothing & Health": 179.43, "Computers & Grocery": 149.97, "Health & Kids": 51.84, "Industrial & Music": 146.84, "Clothing & Beauty": 164.98999999999998, "Jewelry & Clothing": 102.09, "Electronics & Jewelry": 209.60000000000002, "Games & Automotive": 243.0, "Grocery & Toys": 203.82, "Beauty & Tools": 228.32, "Jewelry & Home": 135.42, "Baby & Jewelry": 368.78, "Garden & Grocery": 230.92000000000002, "Industrial & Home": 175.05, "Clothing & Home": 197.25, "Grocery & Jewelry": 220.14, "Movies & Electronics": 48.64, "Health & Computers": 96.25, "Toys & Movies": 465.81000000000006, "Games & Kids": 54.66, "Garden & Industrial": 105.89, "Outdoors & Baby": 98.75999999999999, "Books & Automotive": 157.61, "Music & Shoes": 31.34, "Outdoors & Industrial": 212.82, "Industrial & Jewelry": 92.65, "Games & Books": 113.07000000000001, "Movies & Automotive": 154.36, "Industrial & Toys": 273.2, "Movies & Industrial": 94.53, "Baby & Garden": 407.70000000000005, "Sports & Baby": 84.63, "Grocery & Music": 28.54, "Garden & Sports": 152.55, "Automotive & Toys": 28.830000000000002, "Shoes & Music": 272.28999999999996, "Books & Garden": 79.81, "Sports & Outdoors": 166.05, "Games & Music": 173.16, "Electronics & Health": 51.81, "Shoes & Health": 140.07, "Games & Movies": 86.94, "Automotive & Electronics": 58.08, "Electronics & Shoes": 124.19, "Electronics & Beauty": 231.11, "Outdoors & Books": 70.16, "Clothing & Tools": 387.73, "Garden & Health": 8.86, "Sports & Jewelry": 219.94, "Garden & Clothing": 297.54, "Tools & Kids": 185.05, "Outdoors & Music": 218.75000000000003, "Beauty & Outdoors": 73.82000000000001, "Kids & Toys": 148.22, "Toys & Outdoors": 173.13, "Electronics & Computers": 110.63, "Shoes & Tools": 246.17, "Toys & Computers": 310.6, "Computers & Movies": 250.88, "Garden & Tools": 101.53, "Music & Toys": 68.11, "Games & Baby": 108.43, "Books & Electronics": 248.65, "Toys & Grocery": 132.61, "Games & Outdoors": 132.74, "Jewelry & Music": 98.08999999999999, "Electronics & Music": 18.89, "Toys & Books": 209.06, "Industrial & Movies": 22.950000000000003, "Kids & Beauty": 88.05000000000001, "Outdoors & Grocery": 246.44, "Books & Baby": 117.07, "Clothing & Sports": 230.91000000000003, "Home & Movies": 147.64, "Industrial & Kids": 87.03, "Shoes & Jewelry": 349.0799999999999, "Kids & Shoes": 202.88, "Shoes & Home": 85.54, "Jewelry & Tools": 85.43, "Outdoors & Tools": 215.39, "Beauty & Electronics": 104.07, "Clothing & Industrial": 144.79, "Beauty & Shoes": 256.87, "Jewelry & Baby": 182.76, "Toys & Tools": 142.93,