{"Sports": 11545.42, "Garden": 10325.620000000006, "Industrial & Clothing": 602.7199999999999, "Computers & Home": 467.59, "Home": 12297.790000000003, "Music & Movies": 531.69, "Music": 10921.61, "Industrial": 12904.140000000001, "Games & Baby": 749.1300000000001, "Jewelry": 11262.14, "Kids": 12250.109999999997, "Sports & Toys": 643.08, "Computers": 11946.469999999996, "Shoes & Electronics": 526.6800000000001, "Kids & Automotive": 845.5300000000002, "Toys & Industrial": 448.1, "Outdoors": 11384.460000000008, "Movies": 11583.549999999996, "Garden & Baby": 820.5800000000002, "Tools": 10554.730000000001, "Automotive & Computers": 556.57, "Jewelry & Beauty": 546.86, "Clothing & Electronics": 567.8, "Games & Kids": 739.51, "Industrial & Games": 353.38, "Clothing & Industrial": 543.8399999999999, "Toys & Kids": 335.59999999999997, "Automotive & Health": 593.6700000000001, "Games": 9829.630000000008, "Baby": 11632.769999999991, "Baby & Health": 455.3299999999999, "Music & Outdoors": 940.0, "Music & Jewelry": 486.9, "Beauty & Clothing": 455.03000000000003, "Automotive & Kids": 647.88, "Toys & Jewelry": 442.78000000000003, "Electronics": 12119.490000000007, "Health": 11012.490000000002, "Music & Books": 677.3, "Jewelry & Clothing": 232.78, "Automotive": 11810.289999999999, "Sports & Computers": 324.8, "Outdoors & Jewelry": 534.0500000000001, "Beauty & Tools": 429.85, "Grocery": 11918.240000000002, "Jewelry & Books": 441.63000000000005, "Health & Baby": 463.34000000000003, "Automotive & Toys": 549.6999999999999, "Baby & Industrial": 593.41, "Music & Toys": 528.4300000000001, "Music & Home": 704.21, "Beauty": 10914.309999999996, "Books": 10073.039999999997, "Music & Computers": 419.5, "Toys": 10256.230000000003, "Movies & Music": 463.32, "Tools & Outdoors": 382.53000000000003, "Electronics & Shoes": 855.11, "Grocery & Automotive": 838.64, "Baby & Garden": 721.67, "Clothing": 12228.780000000004, "Grocery & Toys": 271.12, "Movies & Garden": 471.77, "Computers & Movies": 536.78, "Tools & Baby": 971.52, "Beauty & Sports": 634.99, "Garden & Electronics": 574.5600000000001, "Beauty & Electronics": 614.28, "Industrial & Home": 574.49, "Music & Baby": 733.9100000000001, "Kids & Computers": 410.93, "Baby & Tools": 512.57, "Beauty & Baby": 534.41, "Outdoors & Home": 448.77000000000004, "Clothing & Jewelry": 736.81, "Health & Home": 370.37, "Automotive & Electronics": 448.07, "Automotive & Shoes": 599.08, "Jewelry & Music": 792.2700000000001, "Shoes & Toys": 657.1299999999999, "Shoes & Music": 640.7099999999999, "Sports & Books": 340.34000000000003, "Home & Automotive": 762.1899999999999, "Shoes & Health": 410.34999999999997, "Tools & Movies": 296.21000000000004, "Jewelry & Toys": 495.71000000000004, "Automotive & Books": 228.06, "Books & Games": 524.81, "Health & Shoes": 693.9800000000001, "Grocery & Industrial": 382.09, "Grocery & Sports": 435.13, "Industrial & Jewelry": 384.37, "Grocery & Tools": 506.92999999999995, "Home & Books": 667.8, "Computers & Tools": 394.69, "Shoes & Kids": 731.22, "Outdoors & Garden": 394.41, "Games & Outdoors": 748.48, "Grocery & Garden": 319.03000000000003, "Games & Computers": 436.3, "Baby & Movies": 626.53, "Jewelry & Tools": 467.75, "Tools & Clothing": 672.2599999999999, "Health & Electronics": 829.25, "Automotive & Sports": 480.32000000000005, "Beauty & Toys": 452.99, "Jewelry & Games": 528.3799999999999, "Electronics & Kids": 452.75, "Garden & Books": 636.9100000000001, "Baby & Electronics": 666.91, "Clothing & Grocery": 548.78, "Garden & Music": 644.77, "Health & Grocery": 374.43000000000006, "Movies & Jewelry": 442.53999999999996, "Health & Clothing": 591.6700000000001, "Tools & Health": 895.72, "Sports & Garden": 336.77, "Electronics & Beauty": 174.70999999999998, "Outdoors & Kids": 398.6, "Electronics & Outdoors": 468.8399999999999, "Clothing & Tools": 1019.5800000000002, "Industrial & Garden": 537.3699999999999, "Books & Movies": 943.93, "Sports & Music": 637.0899999999999, "Automotive & Clothing": 720.8499999999999, "Garden & Sports": 600.0699999999999, "Electronics & Industrial": 624.8, "Clothing & Garden": 618.45, "Tools & Games": 693.88, "Electronics & Books": 557.52, "Automotive & Jewelry": 547.0500000000001, "Home & Movies": 234.02, "Automotive & Industrial": 661.57, "Beauty & Grocery": 944.9100000000001, "Kids & Health": 703.98, "Baby & Shoes": 520.61, "Automotive & Garden": 585.05, "Automotive & Games": 513.02, "Automotive & Music": 630.0499999999998, "Sports & Shoes": 615.9399999999999, "Garden & Industrial": 391.82, "Industrial & Grocery": 348.82, "Industrial & Electronics": 394.80999999999995, "Music & Sports": 548.24, "Books & Toys": 626.57, "Shoes": 10858.390000000003, "Garden & Computers": 910.61, "Health & Computers": 1019.6599999999999, "Jewelry & Computers": 452.01000000000005, "Games & Clothing": 929.2299999999999, "Music & Grocery": 493.81, "Games & Industrial": 816.0999999999999, "Shoes & Movies": 345.18, "Jewelry & Home": 549.9100000000001, "Shoes & Games": 974.2499999999998, "Shoes & Computers": 535.1, "Books & Electronics": 421.7099999999999, "Shoes & Tools": 670.88, "Computers & Clothing": 796.17, "Tools & Computers": 642.0600000000001, "Grocery & Health": 362.89, "Health & Music": 333.62, "Clothing & Health": 589.6999999999999, "Games & Electronics": 350.62, "Garden & Beauty": 514.38, "Movies & Automotive": 751.5700000000002, "Grocery & Books": 402.85, "Clothing & Sports": 790.0899999999999, "Shoes & Automotive": 720.79, "Automotive & Grocery": 701.2599999999999, "Tools & Toys": 881.39, "Movies & Beauty": 228.28, "Toys & Outdoors": 399.44, "Music & Tools": 531.8, "Home & Baby": 522.02, "Toys & Music": 721.8000000000001, "Kids & Books": 728.82, "Automotive & Baby": 534.51, "Kids & Grocery": 424.42999999999995, "Games & Grocery": 604.9399999999999, "Outdoors & Grocery": 600.06, "Garden & Tools": 678.89, "Jewelry & Garden": 584.9000000000001, "Baby & Toys": 892.9399999999998, "Music & Health": 319.51, "Toys & Shoes": 653.8800000000001, "Toys & Books": 900.3199999999999, "Beauty & Home": 393.39, "Tools & Grocery": 675.8, "Sports & Kids": 624.8000000000001, "Kids & Jewelry": 529.1999999999999, "Books & Jewelry": 669.2199999999999, "Shoes & Jewelry": 372.58000000000004, "Home & Computers": 823.2599999999999, "Electronics & Jewelry": 600.35, "Kids & Industrial": 365.86, "Industrial & Health": 487.2200000000001, "Kids & Sports": 804.5399999999997, "Books & Kids": 347.84, "Games & Toys": 453.68000000000006, "Grocery & Jewelry": 547.4200000000001, "Computers & Beauty": 464.65, "Kids & Tools": 361.27000000000004, "Home & Kids": 708.66, "Grocery & Electronics": 623.38, "Music & Beauty": 592.9900000000001, "Toys & Beauty": 821.9300000000001, "Automotive & Tools": 739.79, "Outdoors & Toys": 727.9799999999999, "Toys & Home": 494.86999999999995, "Baby & Music": 544.1200000000001, "Books & Baby": 597.1099999999999, "Automotive & Home": 598.31, "Electronics & Automotive": 762.44, "Shoes & Baby": 715.02, "Grocery & Music": 713.16, "Health & Movies": 569.3599999999999, "Music & Garden": 523.96, "Sports & Tools": 608.08, "Industrial & Automotive": 469.45, "Sports & Games": 528.75, "Computers & Kids": 413.01, "Electronics & Computers": 503.53999999999996, "Kids & Games": 649.25, "Kids & Toys": 606.3900000000001, "Health & Books": 551.07, "Sports & Grocery": 532.92, "Beauty & Computers": 555.76, "Games & Movies": 763.51, "Books & Grocery": 425.33, "Tools & Garden": 540.47, "Baby & Computers": 307.04, "Baby & Kids": 298.36, "Books & Health": 676.64, "Movies & Games": 415.64000000000004, "Shoes & Garden": 511.40000000000003, "Shoes & Books": 915.35, "Computers & Grocery": 267.51, "Outdoors & Computers": 835.73, "Tools & Home": 696.5100000000001, "Electronics & Movies": 633.3900000000001, "Toys & Garden": 821.2600000000001, "Grocery & Outdoors": 483.03000000000003, "Electronics & Clothing": 746.4200000000001, "Automotive & Beauty": 604.9, "Movies & Home": 713.86, "Grocery & Movies": 697.27, "Beauty & Industrial": 255.03,