{"silver": 1910.61, "harlequin": 1668.97, "cyan": 1561.7500000000002, "cerise": 1437.16, "indigo": 2030.54, "copper": 1644.43, "aquamarine": 1877.3799999999994, "raspberry": 1912.4899999999998, "crimson": 2156.2000000000003, "coffee": 1697.7, "rose": 1612.5499999999997, "orchid": 2084.6499999999996, "blush": 1399.02, "olive": 1866.5300000000002, "ochre": 2399.66, "erin": 2206.6499999999996, "magenta": 2341.9799999999996, "lime": 2095.7499999999995, "amethyst": 1375.8999999999999, "mauve": 1715.8700000000001, "brown": 1662.6500000000005, "taupe": 1823.84, "pear": 1791.41, "gray": 1874.9000000000003, "plum": 1615.9800000000002, "fuchsia": 2409.05, "jade": 2478.14, "yellow": 1781.0999999999997, "pink": 2243.04, "teal": 1604.0699999999997, "burgundy": 1897.5599999999995, "sapphire": 1352.8300000000004, "amaranth": 1034.1100000000001, "carmine": 1517.0099999999995, "green": 2711.8599999999997, "ultramarine": 1284.48, "peach": 1120.48, "lavender": 2241.5, "cerulean": 2939.37, "chocolate": 1722.6200000000003, "puce": 1567.2800000000002, "gold": 1422.57, "blue": 1492.4199999999998, "viridian": 2034.1399999999996, "champagne": 2529.5100000000007, "azure": 1908.3999999999992, "byzantium": 1332.49, "lemon": 1947.7400000000002, "purple": 1533.7400000000005, "bronze": 1983.6299999999999, "ruby": 1630.0199999999998, "salmon": 2020.1700000000003, "sangria": 1249.6999999999998, "periwinkle": 1732.21, "turquoise": 2054.6299999999997, "red": 1810.9900000000005, "black": 2113.3500000000004, "sky": 1469.5499999999995, "coral": 2159.83, "ivory": 1866.4299999999998, "tan": 1507.8799999999997, "white": 1783.5899999999997, "scarlet": 2741.97, "orange": 1892.23, "lilac": 1897.7799999999997, "apricot": 1571.0700000000002, "amber": 1708.7400000000002, "beige": 1962.1099999999997, "emerald": 2071.5699999999997, "grey": 1292.5200000000002, "violet": 1232.18, "maroon": 2215.3399999999992}