{"Clock": 22647.709999999977, "Computer": 22126.820000000014, "Bottle": 24674.899999999998, "Coat": 24526.990000000016, "Bag": 26265.08999999997, "Gloves": 25620.92000000001, "Car": 24809.809999999972, "Chair": 26706.900000000012, "Wallet": 24971.959999999977, "Watch": 23871.580000000013, "Hat": 24866.029999999988, "Keyboard": 24541.819999999985, "Table": 24822.289999999975, "Knife": 24586.09999999999, "Shirt": 23106.44, "Bench": 26038.539999999983, "Shoes": 24126.560000000012, "Plate": 26478.650000000005, "Lamp": 25970.679999999997, "Pants": 25501.399999999994}