{"Linen": 8300.849999999999, "Paper": 7439.639999999999, "Leather": 8299.149999999996, "Rubber": 7826.349999999999, "Aluminum": 7623.520000000002, "Bronze": 9241.850000000004, "Wool": 8993.159999999998, "Silk": 7573.239999999998, "Concrete": 7161.7199999999975, "Plastic": 7758.739999999999, "Cotton": 7216.149999999999, "Steel": 7218.3499999999985, "Iron": 7415.9999999999945, "Wooden": 7317.940000000003, "Granite": 8576.519999999999, "Copper": 6639.930000000001, "Marble": 7234.46}