{"turquoise": 6912.340000000002, "erin": 7183.939999999999, "maroon": 8066.219999999999, "beige": 7435.870000000002, "byzantium": 7125.879999999998, "cerulean": 7307.170000000002, "gold": 7835.200000000005, "harlequin": 7625.709999999999, "champagne": 7137.199999999998, "brown": 7572.530000000001, "orange": 6079.880000000003, "cerise": 7389.199999999999, "black": 6251.609999999999, "bronze": 7892.209999999999, "blue": 6464.109999999998, "sangria": 6596.300000000002, "blush": 7453.240000000001, "indigo": 7252.760000000002, "rose": 6368.43, "magenta": 5774.029999999999, "emerald": 6845.469999999999, "fuchsia": 7179.9800000000005, "viridian": 6423.1900000000005, "burgundy": 7343.6299999999965, "salmon": 6636.04, "raspberry": 7830.170000000003, "aquamarine": 6563.390000000001, "ultramarine": 6197.79, "silver": 6107.109999999997, "lavender": 6395.020000000001, "copper": 6168.519999999999, "ochre": 6380.550000000002, "puce": 7644.640000000002, "taupe": 7661.970000000003, "crimson": 7324.230000000001, "amethyst": 7383.099999999997, "gray": 6669.980000000001, "apricot": 6132.200000000001, "tan": 7468.570000000001, "violet": 7914.929999999998, "teal": 8820.960000000001, "purple": 6473.139999999998, "amber": 6893.790000000001, "green": 6981.819999999998, "grey": 6263.090000000003, "chocolate": 6557.209999999999, "cyan": 7307.149999999998, "mauve": 6420.249999999999, "lime": 7412.97, "orchid": 5941.3399999999965, "ruby": 7559.189999999998, "scarlet": 6193.77, "white": 6116.8, "lemon": 6123.509999999999, "sapphire": 7318.009999999998, "pink": 6462.660000000003, "red": 6716.670000000005, "carmine": 5838.42, "azure": 7805.389999999999, "yellow": 6437.659999999996, "coffee": 7247.339999999997, "lilac": 6439.800000000001, "jade": 5447.6900000000005, "ivory": 7537.719999999999, "plum": 7179.540000000001, "olive": 5549.49, "pear": 7110.019999999997, "coral": 7561.760000000001, "amaranth": 7018.9800000000005, "peach": 5938.1100000000015, "periwinkle": 6991.479999999998, "sky": 6601.15}