{"Shirt": 7784.709999999998, "Watch": 6494.100000000001, "Gloves": 5897.73, "Chair": 6857.6399999999985, "Knife": 6311.810000000001, "Clock": 5855.489999999999, "Plate": 7565.770000000001, "Pants": 6563.9599999999955, "Wallet": 7494.409999999999, "Lamp": 6333.000000000003, "Hat": 5539.680000000002, "Bottle": 6578.909999999997, "Car": 6586.759999999998, "Bench": 6519.549999999998, "Keyboard": 6474.429999999999, "Table": 6237.830000000001, "Computer": 6457.529999999999, "Bag": 8069.849999999996, "Coat": 6355.1199999999935, "Shoes": 5859.29}