{"Computers & Home": 748.3900000000001, "Games & Health": 792.11, "Grocery": 10892.559999999996, "Health": 12485.820000000003, "Jewelry & Movies": 444.76, "Computers": 10956.350000000002, "Industrial & Home": 597.8099999999998, "Automotive & Health": 791.13, "Electronics & Outdoors": 745.79, "Sports": 11968.179999999998, "Health & Garden": 615.4699999999999, "Baby": 11003.81, "Health & Clothing": 884.6999999999999, "Games & Movies": 648.3100000000001, "Home": 9700.519999999997, "Jewelry & Books": 517.1700000000001, "Garden": 11997.340000000006, "Beauty & Toys": 891.3800000000001, "Automotive": 11360.000000000004, "Music": 11475.300000000003, "Toys": 12207.450000000003, "Electronics": 12726.499999999996, "Outdoors": 11978.720000000012, "Clothing": 12102.880000000003, "Books & Clothing": 597.04, "Automotive & Home": 301.5, "Tools & Grocery": 657.8700000000001, "Kids & Jewelry": 225.63000000000002, "Music & Toys": 780.27, "Kids": 11398.199999999993, "Kids & Automotive": 296.18, "Tools": 11575.649999999996, "Tools & Baby": 634.75, "Industrial": 13572.149999999992, "Games": 12650.920000000002, "Books & Baby": 486.57000000000005, "Beauty & Grocery": 460.74000000000007, "Toys & Books": 449.97, "Baby & Shoes": 961.8700000000001, "Automotive & Computers": 422.77, "Garden & Tools": 318.19, "Industrial & Sports": 735.3799999999999, "Music & Computers": 748.7000000000002, "Shoes": 10307.31999999999, "Baby & Garden": 668.9499999999998, "Automotive & Garden": 765.3499999999999, "Movies": 9976.460000000003, "Music & Sports": 935.4300000000001, "Beauty & Books": 900.5800000000002, "Electronics & Beauty": 668.2699999999999, "Tools & Jewelry": 1042.6699999999998, "Clothing & Sports": 554.6999999999999, "Games & Home": 412.75, "Tools & Kids": 593.4599999999999, "Tools & Music": 580.32, "Grocery & Tools": 351.64, "Garden & Beauty": 405.87000000000006, "Sports & Health": 532.85, "Computers & Electronics": 791.5599999999998, "Home & Tools": 471.59000000000003, "Baby & Movies": 338.05000000000007, "Toys & Outdoors": 793.94, "Games & Jewelry": 603.13, "Baby & Industrial": 211.61, "Beauty": 10643.59, "Electronics & Computers": 519.19, "Garden & Clothing": 694.15, "Kids & Garden": 530.6899999999999, "Home & Computers": 948.79, "Outdoors & Automotive": 576.26, "Toys & Clothing": 590.05, "Outdoors & Baby": 395.09000000000003, "Computers & Shoes": 385.21000000000004, "Industrial & Electronics": 452.61, "Computers & Books": 581.8100000000001, "Books & Shoes": 476.4799999999999, "Kids & Books": 527.6, "Toys & Garden": 607.7600000000001, "Jewelry": 12012.09, "Health & Shoes": 530.21, "Jewelry & Games": 754.18, "Baby & Electronics": 675.1200000000001, "Music & Jewelry": 475.94000000000005, "Music & Electronics": 517.45, "Grocery & Industrial": 541.18, "Shoes & Computers": 810.2300000000001, "Movies & Home": 559.49, "Shoes & Baby": 646.34, "Electronics & Tools": 476.48999999999995, "Kids & Shoes": 911.88, "Baby & Games": 483.7699999999999, "Grocery & Movies": 447.91999999999996, "Books": 10862.950000000003, "Music & Automotive": 632.95, "Health & Home": 636.83, "Automotive & Grocery": 804.4999999999999, "Industrial & Books": 515.29, "Music & Tools": 587.5899999999999, "Movies & Electronics": 416.63, "Health & Movies": 404.39000000000004, "Kids & Grocery": 494.69, "Automotive & Jewelry": 287.44, "Books & Jewelry": 303.07, "Movies & Games": 487.78000000000003, "Clothing & Shoes": 551.0699999999999, "Sports & Shoes": 404.49, "Jewelry & Shoes": 460.81999999999994, "Baby & Clothing": 675.6899999999999, "Beauty & Sports": 491.56, "Baby & Computers": 635.54, "Music & Books": 335.76, "Tools & Garden": 336.98, "Automotive & Shoes": 383.88, "Health & Sports": 638.2, "Clothing & Automotive": 248.93, "Electronics & Music": 189.47999999999996, "Garden & Computers": 482.72, "Home & Garden": 516.74, "Baby & Outdoors": 868.2099999999999, "Automotive & Outdoors": 757.6600000000001, "Shoes & Tools": 362.25000000000006, "Tools & Electronics": 635.8599999999999, "Computers & Music": 936.8200000000002, "Shoes & Electronics": 867.3999999999999, "Computers & Sports": 618.3500000000001, "Health & Tools": 413.88000000000005, "Garden & Home": 722.01, "Garden & Movies": 1330.32, "Garden & Books": 781.0100000000001, "Outdoors & Music": 718.26, "Health & Beauty": 237.47000000000003, "Baby & Beauty": 314.77, "Garden & Electronics": 490.32, "Clothing & Outdoors": 813.7099999999999, "Health & Industrial": 590.3199999999999, "Grocery & Beauty": 782.5000000000001, "Beauty & Clothing": 657.13, "Clothing & Garden": 721.41, "Outdoors & Clothing": 791.8899999999998, "Health & Electronics": 576.3800000000001, "Sports & Tools": 475.79999999999995, "Baby & Grocery": 489.64, "Shoes & Outdoors": 772.31, "Books & Movies": 494.78, "Beauty & Baby": 493.90999999999997, "Home & Health": 441.58000000000004, "Tools & Computers": 410.74000000000007, "Beauty & Home": 412.1, "Electronics & Toys": 591.28, "Health & Kids": 613.2499999999999, "Industrial & Automotive": 786.4699999999999, "Kids & Sports": 443.75999999999993, "Sports & Industrial": 767.82, "Jewelry & Garden": 315.4, "Grocery & Computers": 523.8799999999999, "Industrial & Shoes": 724.9399999999999, "Books & Health": 462.71, "Books & Industrial": 496.52, "Jewelry & Health": 773.0499999999998, "Computers & Tools": 191.11, "Games & Books": 386.84000000000003, "Toys & Home": 922.7800000000001, "Garden & Kids": 547.4700000000001, "Outdoors & Industrial": 693.0900000000001, "Sports & Clothing": 555.15, "Games & Baby": 783.8399999999998, "Music & Clothing": 359.15999999999997, "Computers & Outdoors": 605.9200000000001, "Shoes & Clothing": 314.0, "Jewelry & Music": 622.26, "Books & Sports": 519.18, "Clothing & Industrial": 577.99, "Electronics & Books": 617.61, "Sports & Beauty": 452.8399999999999, "Automotive & Industrial": 745.3299999999999, "Books & Garden": 207.72000000000003, "Electronics & Home": 403.99, "Home & Movies": 559.5399999999998, "Beauty & Automotive": 557.38, "Home & Industrial": 576.61, "Tools & Games": 251.03000000000003, "Home & Games": 697.94, "Health & Outdoors": 1173.9699999999998, "Music & Health": 414.52, "Games & Garden": 446.73999999999995, "Jewelry & Kids": 590.52, "Toys & Grocery": 348.66999999999996, "Clothing & Grocery": 568.92, "Tools & Home": 845.01, "Outdoors & Games": 569.6400000000001, "Health & Baby": 682.56, "Movies & Grocery": 374.49, "Kids & Outdoors": 322.57000000000005, "Movies & Industrial": 460.55, "Grocery & Sports": 430.36999999999995, "Computers & Health": 531.38, "Baby & Music": 253.26999999999998, "Home & Kids": 686.76, "Clothing & Books": 869.6799999999998, "Tools & Automotive": 870.6500000000001, "Computers & Garden": 635.24, "Automotive & Movies": 513.0999999999999, "Garden & Industrial": 622.3299999999999, "Jewelry & Home": 555.65, "Music & Home": 529.49, "Toys & Jewelry": 411.21999999999997, "Electronics & Games": 472.9, "Home & Music": 601.5600000000001, "Electronics & Automotive": 809.6800000000001, "Books & Automotive": 273.85, "Sports & Music": 669.6700000000001, "Beauty & Games": 670.94, "Automotive & Beauty": 343.5, "Toys & Baby": 717.0799999999999, "Home & Automotive": 653.22, "Automotive & Music": 1014.44, "Books & Tools": 423.43999999999994, "Toys & Electronics": 443.93, "Music & Kids": 426.9699999999999, "Automotive & Clothing": 558.86, "Shoes & Automotive": 266.15999999999997, "Kids & Industrial": 548.46, "Industrial & Tools": 853.9200000000001, "Shoes & Health": 630.5699999999999, "Kids & Health": 511.05, "Industrial & Toys": 486.9599999999999, "Baby & Books": 584.1299999999999, "Toys & Games": 730.32, "Industrial & Outdoors": 559.93, "Books & Electronics": 680.45, "Music & Movies": 1031.0700000000002, "Kids & Tools": 392.89, "Health & Grocery": 475.28000000000003, "Electronics & Jewelry": 480.93, "Garden & Games": 837.08, "Toys & Beauty": 554.4000000000001, "Outdoors & Electronics": 624.39, "Clothing & Beauty": 455.63, "Computers & Baby": 404.83000000000004, "Tools & Outdoors": 566.5,