{"harlequin": 6136.330000000002, "erin": 8168.730000000005, "grey": 6518.899999999998, "ultramarine": 7886.25, "amaranth": 7389.12, "aquamarine": 7527.859999999997, "teal": 6192.46, "cyan": 6389.47, "mauve": 7925.840000000002, "byzantium": 5435.540000000001, "pear": 6483.519999999998, "carmine": 7101.54, "periwinkle": 5813.300000000003, "silver": 6578.99, "fuchsia": 7152.230000000003, "indigo": 7288.619999999996, "white": 6511.17, "rose": 7899.569999999999, "amethyst": 8064.990000000002, "peach": 6755.489999999998, "green": 7096.1500000000015, "viridian": 7704.970000000003, "jade": 7036.869999999998, "copper": 6734.989999999997, "scarlet": 7041.719999999998, "lemon": 8618.710000000005, "ochre": 8033.91, "azure": 8107.600000000001, "gold": 6006.35, "brown": 8562.190000000002, "apricot": 7399.790000000006, "cerise": 8292.7, "ruby": 7033.180000000001, "black": 6553.049999999999, "blush": 5573.440000000001, "tan": 6886.7400000000025, "burgundy": 8301.83, "raspberry": 6502.490000000003, "orange": 6690.949999999998, "lilac": 7190.08, "pink": 6659.5999999999985, "gray": 6511.120000000001, "taupe": 6555.09, "champagne": 6625.4400000000005, "lavender": 7010.109999999997, "maroon": 6667.820000000003, "sangria": 6638.1699999999955, "lime": 6471.339999999997, "chocolate": 7614.99, "plum": 6402.999999999996, "purple": 6056.379999999997, "sapphire": 6908.81, "emerald": 7572.039999999999, "beige": 5877.770000000001, "red": 7595.840000000002, "crimson": 6997.65, "blue": 4841.29, "puce": 6001.879999999998, "amber": 6778.239999999997, "olive": 7884.119999999998, "coffee": 5502.779999999999, "cerulean": 7571.169999999998, "ivory": 5996.59, "bronze": 7032.719999999997, "magenta": 6933.250000000001, "sky": 7357.599999999995, "violet": 5952.789999999999, "salmon": 6476.109999999996, "coral": 7286.159999999998, "turquoise": 6757.1100000000015, "yellow": 6584.52, "orchid": 9113.190000000002}