{"Plate": 25226.51000000001, "Computer": 29118.219999999994, "Wallet": 26710.96000000001, "Table": 23997.94999999999, "Chair": 24251.20000000002, "Lamp": 24467.83000000002, "Knife": 24712.04000000001, "Watch": 24883.450000000008, "Gloves": 26485.639999999996, "Shoes": 25646.940000000013, "Bottle": 23676.65, "Bag": 25071.72000000001, "Keyboard": 26361.44000000001, "Bench": 25988.269999999997, "Shirt": 25125.62000000001, "Clock": 23383.06000000002, "Coat": 24017.870000000006, "Car": 24415.07999999998, "Pants": 23860.10999999998, "Hat": 23421.75999999996}