{"Copper": 28305.72000000001, "Linen": 30093.85000000003, "Paper": 28900.860000000026, "Cotton": 28944.469999999958, "Concrete": 30406.05000000002, "Rubber": 27164.74999999998, "Silk": 30872.889999999996, "Wool": 26914.220000000016, "Leather": 28575.97999999999, "Wooden": 31056.700000000026, "Steel": 29713.340000000007, "Aluminum": 29859.760000000006, "Plastic": 30891.989999999994, "Granite": 28898.390000000003, "Bronze": 31680.469999999994, "Iron": 29142.579999999998, "Marble": 29400.300000000003}