{"Home": 12253.450000000008, "Music & Garden": 332.52000000000004, "Toys & Industrial": 405.99999999999994, "Games": 11688.910000000007, "Games & Health": 695.66, "Automotive": 11270.409999999994, "Movies & Jewelry": 638.02, "Movies": 11070.330000000004, "Sports & Clothing": 661.66, "Kids & Industrial": 310.8499999999999, "Books & Clothing": 627.64, "Clothing": 10298.960000000005, "Automotive & Health": 636.0200000000001, "Games & Clothing": 292.56, "Clothing & Jewelry": 584.8199999999999, "Books & Health": 531.92, "Beauty": 13818.130000000005, "Sports": 10617.619999999999, "Sports & Industrial": 469.16999999999996, "Grocery & Music": 526.8600000000001, "Toys": 10626.810000000003, "Outdoors": 11401.55, "Kids & Tools": 676.87, "Kids": 8993.65, "Garden": 10811.67000000001, "Grocery": 12001.100000000004, "Jewelry & Music": 454.77000000000004, "Computers & Games": 556.62, "Games & Beauty": 498.89, "Beauty & Books": 581.35, "Health": 12579.240000000005, "Books": 11472.520000000004, "Games & Tools": 236.04000000000002, "Kids & Music": 444.59000000000003, "Books & Automotive": 463.83, "Garden & Shoes": 979.59, "Electronics": 10774.74, "Tools & Clothing": 735.02, "Kids & Health": 381.71000000000004, "Automotive & Outdoors": 899.05, "Baby": 10475.279999999999, "Jewelry": 11810.04, "Electronics & Health": 459.71, "Books & Music": 479.83, "Industrial & Computers": 613.27, "Music & Books": 985.8800000000001, "Shoes": 10002.310000000005, "Garden & Toys": 902.83, "Computers & Toys": 380.58, "Music": 11131.760000000002, "Music & Health": 527.85, "Kids & Toys": 672.1400000000001, "Garden & Jewelry": 451.17, "Computers & Grocery": 762.88, "Sports & Tools": 681.3, "Shoes & Clothing": 565.99, "Outdoors & Movies": 576.12, "Movies & Shoes": 545.96, "Clothing & Tools": 549.6700000000001, "Beauty & Computers": 665.6799999999998, "Computers": 10981.920000000002, "Games & Grocery": 748.42, "Electronics & Home": 807.01, "Movies & Books": 405.19, "Health & Books": 535.88, "Computers & Industrial": 504.28, "Tools": 10102.910000000005, "Outdoors & Books": 861.87, "Movies & Beauty": 634.51, "Jewelry & Computers": 507.14, "Baby & Shoes": 514.1700000000001, "Baby & Industrial": 352.55999999999995, "Garden & Music": 302.25000000000006, "Sports & Health": 656.31, "Baby & Grocery": 649.26, "Books & Sports": 384.04999999999995, "Health & Shoes": 747.8499999999999, "Kids & Beauty": 690.0699999999999, "Clothing & Automotive": 412.3, "Home & Toys": 716.2299999999999, "Kids & Baby": 307.02000000000004, "Grocery & Games": 414.09, "Movies & Clothing": 703.3399999999999, "Outdoors & Jewelry": 571.15, "Music & Clothing": 620.74, "Toys & Shoes": 913.88, "Clothing & Games": 639.92, "Shoes & Computers": 340.16999999999996, "Electronics & Baby": 543.0400000000001, "Grocery & Computers": 524.88, "Garden & Industrial": 670.85, "Beauty & Tools": 431.22999999999996, "Books & Kids": 760.3699999999999, "Toys & Beauty": 829.92, "Games & Shoes": 474.53, "Movies & Home": 1196.5500000000002, "Toys & Music": 311.74999999999994, "Baby & Electronics": 308.98, "Movies & Grocery": 603.8100000000001, "Baby & Garden": 704.5300000000002, "Games & Outdoors": 721.32, "Industrial": 12370.979999999992, "Sports & Home": 606.42, "Automotive & Clothing": 582.67, "Movies & Health": 694.71, "Computers & Home": 677.78, "Kids & Games": 553.59, "Automotive & Electronics": 409.48, "Home & Games": 444.11, "Baby & Sports": 819.77, "Tools & Beauty": 675.3399999999999, "Kids & Jewelry": 709.61, "Music & Grocery": 323.41999999999996, "Sports & Shoes": 486.65999999999997, "Baby & Toys": 718.9200000000001, "Kids & Automotive": 502.54, "Industrial & Beauty": 483.08, "Health & Movies": 654.4300000000001, "Sports & Garden": 743.76, "Tools & Computers": 835.3800000000001, "Baby & Music": 611.4399999999999, "Garden & Books": 747.27, "Toys & Movies": 562.57, "Automotive & Kids": 835.4200000000001, "Home & Computers": 820.64, "Beauty & Sports": 646.62, "Sports & Games": 807.89, "Computers & Baby": 442.44000000000005, "Grocery & Industrial": 445.99, "Baby & Kids": 180.98000000000002, "Electronics & Jewelry": 827.5499999999998, "Kids & Clothing": 518.4900000000001, "Grocery & Books": 612.62, "Health & Computers": 480.06, "Music & Automotive": 650.45, "Toys & Baby": 420.26, "Home & Industrial": 584.87, "Electronics & Games": 665.62, "Baby & Computers": 358.53, "Jewelry & Toys": 393.5, "Tools & Shoes": 711.22, "Music & Tools": 690.5799999999999, "Health & Beauty": 691.9900000000001, "Clothing & Music": 769.1300000000001, "Industrial & Kids": 740.8799999999999, "Industrial & Tools": 236.91, "Home & Automotive": 554.4300000000001, "Games & Sports": 852.78, "Shoes & Jewelry": 396.18999999999994, "Clothing & Industrial": 981.8299999999999, "Home & Grocery": 542.5, "Health & Automotive": 537.48, "Electronics & Toys": 484.25, "Garden & Games": 458.47, "Grocery & Shoes": 564.1899999999999, "Clothing & Grocery": 425.46000000000004, "Electronics & Clothing": 507.65000000000003, "Electronics & Industrial": 397.52, "Industrial & Health": 246.54999999999998, "Movies & Industrial": 1114.23, "Grocery & Movies": 685.53, "Computers & Music": 599.38, "Garden & Electronics": 227.32000000000002, "Games & Computers": 653.9299999999998, "Music & Shoes": 553.78, "Automotive & Sports": 446.40999999999997, "Shoes & Games": 307.02, "Industrial & Grocery": 554.9399999999999, "Beauty & Clothing": 409.90000000000003, "Movies & Outdoors": 557.23, "Games & Garden": 417.78999999999996, "Grocery & Health": 535.65, "Music & Baby": 416.48999999999995, "Industrial & Clothing": 531.99, "Electronics & Music": 406.95, "Music & Jewelry": 694.9699999999999, "Movies & Kids": 795.0700000000002, "Industrial & Sports": 202.72, "Games & Books": 481.40000000000003, "Health & Toys": 483.7, "Grocery & Outdoors": 353.34999999999997, "Kids & Electronics": 536.75, "Jewelry & Books": 828.1999999999998, "Grocery & Baby": 610.8000000000001, "Music & Beauty": 826.9100000000001, "Computers & Automotive": 462.19, "Books & Shoes": 495.73999999999995, "Books & Industrial": 547.21, "Electronics & Books": 759.6700000000001, "Electronics & Grocery": 435.77000000000004, "Toys & Jewelry": 235.98, "Home & Health": 545.34, "Outdoors & Tools": 715.55, "Tools & Movies": 431.1, "Automotive & Baby": 600.7700000000001, "Garden & Sports": 945.53, "Music & Movies": 491.01, "Movies & Computers": 468.2099999999999, "Jewelry & Kids": 615.3900000000001, "Jewelry & Industrial": 645.7699999999999, "Sports & Baby": 258.24, "Automotive & Computers": 652.8199999999999, "Garden & Health": 612.27, "Outdoors & Baby": 331.13, "Clothing & Kids": 459.81, "Grocery & Kids": 466.02000000000004, "Baby & Outdoors": 170.81, "Computers & Movies": 892.8500000000001, "Garden & Home": 364.78000000000003, "Tools & Jewelry": 818.5500000000001, "Jewelry & Tools": 893.5100000000001, "Computers & Jewelry": 579.21, "Games & Movies": 595.37, "Home & Garden": 1019.73, "Books & Movies": 446.8, "Sports & Computers": 581.44, "Toys & Home": 434.93, "Industrial & Movies": 845.9700000000001, "Kids & Movies": 1301.0099999999998, "Shoes & Kids": 523.89, "Outdoors & Kids": 512.63, "Garden & Computers": 779.58, "Toys & Computers": 574.6700000000001, "Shoes & Garden": 211.57, "Garden & Tools": 771.4399999999998, "Tools & Electronics": 691.7099999999999, "Garden & Beauty": 1277.01, "Music & Toys": 675.0499999999998, "Computers & Kids": 894.0899999999999, "Home & Electronics": 397.96, "Electronics & Computers": 782.2200000000001, "Computers & Electronics": 648.9800000000001, "Movies & Games": 474.93, "Books & Beauty": 191.8, "Home & Kids": 473.26000000000005, "Electronics & Kids": 539.25, "Outdoors & Beauty": 514.51, "Jewelry & Electronics": 373.0799999999999, "Outdoors & Toys": 258.87, "Computers & Sports": 314.47, "Kids & Sports": 442.94, "Outdoors & Grocery": 487.82, "Books & Tools": 298.1, "Toys & Books": 662.1400000000001, "Beauty & Industrial": 656.9300000000001, "Baby & Jewelry": 436.15000000000003, "Home & Beauty": 520.7900000000001,