{"Shoes": 25432.20999999999, "Chair": 24525.480000000007, "Plate": 25382.60999999999, "Hat": 26493.420000000002, "Car": 23291.769999999982, "Lamp": 24405.019999999982, "Computer": 21185.540000000008, "Bag": 25829.470000000005, "Shirt": 23804.20999999997, "Gloves": 26865.620000000003, "Bottle": 25029.419999999976, "Knife": 25631.919999999995, "Wallet": 24904.24000000001, "Coat": 25467.079999999987, "Watch": 26665.200000000004, "Pants": 24699.299999999996, "Clock": 25985.25, "Keyboard": 24453.789999999994, "Bench": 24548.710000000003, "Table": 23504.01999999999}