{"gray": 1862.8499999999997, "blue": 1904.02, "raspberry": 2251.270000000001, "teal": 1981.5100000000004, "ruby": 2420.51, "erin": 1632.9, "lemon": 1711.96, "cerise": 1495.7299999999998, "copper": 2203.93, "carmine": 2133.97, "indigo": 2041.7999999999997, "lilac": 2207.16, "amethyst": 1650.6299999999994, "sangria": 1926.1400000000003, "chocolate": 1745.7600000000004, "scarlet": 1033.0600000000002, "violet": 1358.8400000000001, "periwinkle": 2549.7799999999997, "salmon": 2048.19, "bronze": 1962.91, "orchid": 2503.15, "viridian": 1770.9700000000005, "coffee": 1824.6599999999996, "crimson": 1781.7600000000002, "green": 2138.91, "magenta": 1343.89, "aquamarine": 1811.5100000000007, "plum": 1503.76, "brown": 1513.52, "purple": 2023.5299999999995, "red": 2384.43, "sky": 1879.4199999999998, "rose": 2161.1099999999997, "gold": 2202.06, "black": 1317.1699999999998, "azure": 1929.12, "silver": 1373.9799999999998, "burgundy": 1395.72, "white": 2280.07, "puce": 1735.5700000000002, "olive": 2484.3299999999995, "jade": 1512.9200000000005, "byzantium": 1653.6100000000001, "fuchsia": 1435.6, "harlequin": 2129.9400000000005, "maroon": 1471.7299999999996, "mauve": 2059.97, "yellow": 1982.8500000000001, "pear": 1676.6799999999996, "lime": 1855.5599999999997, "amber": 1711.9600000000003, "tan": 1685.6499999999994, "amaranth": 1648.3200000000004, "grey": 1439.52, "sapphire": 2092.18, "blush": 1573.2100000000003, "taupe": 2263.500000000001, "turquoise": 2482.02, "ultramarine": 1698.3199999999995, "peach": 1047.9099999999999, "cyan": 1888.6200000000001, "cerulean": 2215.4599999999996, "coral": 2012.4099999999996, "emerald": 1929.03, "champagne": 1764.3200000000002, "pink": 1627.8600000000001, "orange": 1676.8300000000006, "lavender": 1762.6600000000003, "apricot": 2165.8199999999997, "beige": 1505.9800000000002, "ivory": 1383.45, "ochre": 1594.3699999999997}