{"cerulean": 6403.249999999998, "turquoise": 7654.559999999997, "taupe": 8178.03, "maroon": 7415.999999999997, "plum": 6769.76, "coral": 7957.280000000002, "orchid": 6029.64, "crimson": 8096.6900000000005, "red": 7970.949999999999, "pink": 7347.83, "pear": 5576.920000000001, "violet": 6940.410000000001, "white": 6159.06, "green": 6106.470000000001, "champagne": 6746.120000000001, "grey": 7894.830000000001, "orange": 5949.4800000000005, "coffee": 6802.0599999999995, "puce": 7260.179999999999, "apricot": 5675.790000000001, "byzantium": 7747.360000000003, "yellow": 7083.34, "emerald": 7241.819999999999, "blush": 7572.879999999997, "burgundy": 7741.489999999994, "blue": 6265.229999999999, "peach": 7050.259999999999, "indigo": 5999.989999999998, "lime": 5749.170000000002, "salmon": 5996.990000000001, "amber": 7534.64, "bronze": 7493.599999999999, "amaranth": 7669.519999999998, "copper": 7325.1, "sky": 7317.8, "ivory": 5380.920000000003, "ruby": 6651.170000000003, "ultramarine": 7025.340000000001, "carmine": 6773.510000000003, "amethyst": 7145.5700000000015, "olive": 7134.349999999999, "silver": 8322.65, "aquamarine": 6237.250000000003, "periwinkle": 6029.430000000001, "tan": 8511.190000000004, "viridian": 7301.959999999999, "teal": 6990.500000000001, "ochre": 6680.000000000003, "sapphire": 6677.280000000001, "magenta": 6109.439999999998, "lilac": 7227.750000000001, "lemon": 7868.640000000002, "azure": 6647.720000000003, "jade": 6939.899999999997, "erin": 7099.150000000003, "black": 6433.600000000001, "chocolate": 7567.880000000001, "harlequin": 7218.999999999999, "scarlet": 5969.379999999998, "cerise": 6728.62, "gray": 7792.500000000001, "lavender": 5736.54, "purple": 6790.02, "mauve": 6159.46, "beige": 7900.32, "cyan": 7279.950000000002, "raspberry": 6084.919999999998, "gold": 6217.539999999999, "fuchsia": 7692.0599999999995, "sangria": 4864.920000000001, "brown": 6946.639999999999, "rose": 7242.710000000003}