{"Toys": 11352.059999999987, "Shoes": 12919.88000000001, "Grocery": 11185.809999999998, "Sports & Toys": 499.87, "Home": 11293.98, "Books": 11646.03000000001, "Beauty": 12073.409999999998, "Games": 10891.050000000007, "Toys & Books": 518.78, "Industrial & Home": 607.8700000000001, "Industrial": 10265.390000000005, "Kids": 11461.290000000003, "Home & Sports": 390.96000000000004, "Books & Sports": 893.1700000000002, "Jewelry": 10745.430000000006, "Kids & Industrial": 779.4399999999998, "Books & Grocery": 546.5699999999999, "Sports & Games": 282.57, "Computers": 10328.340000000004, "Music & Kids": 870.26, "Electronics": 11163.88999999999, "Tools & Shoes": 236.43, "Garden": 10467.710000000003, "Grocery & Jewelry": 871.9999999999999, "Sports": 11280.76, "Tools & Clothing": 677.3599999999999, "Beauty & Automotive": 671.06, "Toys & Tools": 579.12, "Outdoors & Beauty": 496.2799999999999, "Tools & Music": 561.3, "Books & Beauty": 527.67, "Shoes & Movies": 430.52000000000004, "Grocery & Games": 330.63, "Beauty & Outdoors": 233.67, "Garden & Music": 1113.8600000000001, "Jewelry & Tools": 381.53, "Tools": 11332.510000000006, "Games & Movies": 714.3100000000001, "Baby": 14528.789999999997, "Clothing": 11284.74999999999, "Garden & Electronics": 965.4900000000002, "Sports & Electronics": 540.95, "Movies & Health": 814.2500000000001, "Grocery & Toys": 521.3100000000001, "Automotive": 10997.6, "Health & Baby": 575.18, "Games & Kids": 510.7699999999999, "Outdoors & Electronics": 520.12, "Music": 12491.61, "Movies & Beauty": 465.18, "Kids & Sports": 548.85, "Sports & Grocery": 367.31, "Shoes & Electronics": 773.1800000000001, "Computers & Automotive": 718.07, "Books & Movies": 1140.07, "Toys & Music": 621.57, "Movies": 10515.419999999987, "Games & Music": 565.25, "Health": 10629.4, "Movies & Garden": 471.82, "Movies & Baby": 709.76, "Music & Sports": 827.76, "Electronics & Sports": 580.72, "Industrial & Shoes": 732.64, "Garden & Jewelry": 611.54, "Shoes & Baby": 484.71000000000004, "Outdoors": 11407.150000000003, "Movies & Toys": 523.51, "Industrial & Books": 643.22, "Movies & Outdoors": 461.34999999999997, "Beauty & Health": 431.76000000000005, "Movies & Electronics": 227.44, "Baby & Clothing": 518.01, "Garden & Automotive": 798.0200000000001, "Automotive & Clothing": 425.23, "Baby & Tools": 564.9, "Grocery & Sports": 513.49, "Beauty & Electronics": 741.98, "Electronics & Automotive": 406.14, "Automotive & Beauty": 371.48, "Clothing & Garden": 646.73, "Music & Movies": 504.15999999999997, "Toys & Baby": 953.96, "Tools & Toys": 753.3499999999999, "Games & Garden": 579.0600000000001, "Kids & Tools": 696.3599999999999, "Sports & Outdoors": 526.61, "Automotive & Tools": 294.57, "Games & Sports": 449.52000000000004, "Beauty & Computers": 792.57, "Automotive & Sports": 393.16999999999996, "Grocery & Electronics": 796.86, "Automotive & Books": 697.29, "Industrial & Jewelry": 311.03999999999996, "Toys & Beauty": 417.97, "Home & Garden": 1155.7199999999998, "Tools & Garden": 728.35, "Shoes & Grocery": 596.23, "Tools & Movies": 597.95, "Shoes & Automotive": 480.6, "Health & Clothing": 756.7900000000001, "Music & Jewelry": 627.8400000000001, "Sports & Baby": 286.53999999999996, "Shoes & Garden": 409.59, "Books & Automotive": 394.03, "Movies & Music": 811.1700000000001, "Sports & Tools": 513.75, "Music & Automotive": 529.86, "Beauty & Music": 453.4800000000001, "Music & Games": 482.23, "Automotive & Grocery": 420.59999999999997, "Health & Movies": 592.56, "Music & Shoes": 283.92, "Tools & Health": 446.34000000000003, "Sports & Computers": 994.9200000000001, "Industrial & Grocery": 566.7800000000001, "Automotive & Home": 645.3100000000001, "Music & Outdoors": 600.6199999999999, "Electronics & Home": 372.39, "Beauty & Toys": 395.48, "Baby & Toys": 724.18, "Sports & Kids": 394.31, "Industrial & Garden": 598.6500000000001, "Computers & Beauty": 590.9799999999999, "Health & Books": 483.2799999999999, "Books & Electronics": 530.92, "Games & Tools": 702.6999999999998, "Tools & Home": 382.06, "Electronics & Garden": 334.85999999999996, "Outdoors & Shoes": 445.91999999999996, "Garden & Sports": 682.11, "Toys & Jewelry": 263.28000000000003, "Automotive & Health": 528.3199999999999, "Outdoors & Tools": 545.69, "Health & Grocery": 667.1600000000001, "Games & Electronics": 594.76, "Books & Shoes": 697.7899999999998, "Games & Computers": 507.78000000000003, "Clothing & Toys": 378.48999999999995, "Grocery & Automotive": 463.28999999999996, "Sports & Shoes": 679.18, "Grocery & Shoes": 524.54, "Clothing & Home": 481.81999999999994, "Automotive & Music": 379.88, "Tools & Games": 384.26000000000005, "Beauty & Movies": 250.88, "Baby & Music": 448.41, "Computers & Tools": 764.32, "Computers & Music": 719.09, "Shoes & Computers": 690.5899999999999, "Home & Clothing": 939.4, "Electronics & Movies": 824.16, "Baby & Beauty": 460.3, "Music & Beauty": 576.9100000000001, "Kids & Health": 668.3299999999999, "Kids & Movies": 560.23, "Sports & Clothing": 620.83, "Beauty & Books": 853.1200000000001, "Toys & Kids": 522.13, "Books & Baby": 391.99999999999994, "Shoes & Music": 859.3, "Beauty & Industrial": 223.89999999999998, "Shoes & Beauty": 393.01000000000005, "Grocery & Movies": 401.73, "Books & Kids": 453.71, "Sports & Beauty": 618.06, "Games & Outdoors": 723.5600000000001, "Industrial & Toys": 770.4300000000001, "Health & Industrial": 613.3299999999999, "Grocery & Baby": 634.02, "Shoes & Home": 576.37, "Books & Music": 124.38, "Movies & Automotive": 740.0500000000001, "Kids & Jewelry": 618.3900000000001, "Clothing & Movies": 461.6500000000001, "Tools & Baby": 486.24999999999994, "Clothing & Shoes": 657.9499999999999, "Tools & Grocery": 786.37, "Computers & Books": 405.2300000000001, "Jewelry & Garden": 764.9399999999999, "Jewelry & Grocery": 505.11, "Games & Jewelry": 694.9999999999999, "Clothing & Automotive": 284.87, "Home & Jewelry": 503.63, "Garden & Home": 661.2000000000002, "Automotive & Movies": 360.75, "Computers & Clothing": 829.11, "Outdoors & Automotive": 672.39, "Home & Shoes": 961.44, "Kids & Baby": 532.23, "Shoes & Jewelry": 322.78, "Shoes & Outdoors": 165.96, "Games & Industrial": 419.35999999999996, "Electronics & Kids": 685.4599999999999, "Jewelry & Baby": 887.4800000000001, "Home & Grocery": 422.77000000000004, "Movies & Games": 451.81000000000006, "Sports & Automotive": 343.15999999999997, "Shoes & Kids": 579.61, "Movies & Computers": 544.39, "Tools & Beauty": 596.19, "Baby & Outdoors": 540.2, "Baby & Jewelry": 493.31, "Home & Automotive": 398.99999999999994, "Clothing & Health": 640.2099999999999, "Jewelry & Beauty": 926.04, "Outdoors & Baby": 327.39, "Garden & Shoes": 390.28999999999996, "Outdoors & Sports": 548.55, "Beauty & Home": 520.76, "Books & Toys": 464.09, "Grocery & Outdoors": 363.6, "Computers & Industrial": 538.61, "Electronics & Beauty": 394.24, "Electronics & Games": 869.2800000000001, "Sports & Music": 583.12, "Movies & Industrial": 437.10999999999996, "Outdoors & Kids": 516.22, "Books & Computers": 734.0500000000001, "Sports & Garden": 658.8599999999999, "Automotive & Kids": 391.72999999999996, "Garden & Beauty": 212.72000000000003, "Kids & Garden": 363.66999999999996, "Grocery & Health": 624.02, "Tools & Jewelry": 650.7600000000001, "Shoes & Sports": 578.09, "Baby & Books": 711.38, "Home & Health": 630.9000000000001, "Tools & Kids": 386.21000000000004, "Games & Automotive": 556.58, "Books & Outdoors": 723.6700000000002, "Kids & Home": 489.2, "Industrial & Computers": 414.8, "Electronics & Grocery": 773.03, "Health & Beauty": 515.8299999999999, "Toys & Shoes": 685.7099999999999, "Health & Toys": 689.09, "Clothing & Tools": 575.85, "Home & Computers": 267.57, "Home & Tools": 796.54, "Industrial & Health": 581.78, "Clothing & Beauty": 437.2, "Baby & Computers": 380.21000000000004, "Shoes & Clothing": 685.6600000000001, "Home & Electronics": 539.87, "Games & Beauty": 257.39, "Tools & Outdoors": 515.83, "Baby & Electronics": 402.7799999999999,