{"Plate": 5869.720000000001, "Watch": 7269.560000000002, "Car": 5991.309999999998, "Keyboard": 6471.050000000005, "Bag": 6502.720000000004, "Computer": 6097.599999999997, "Lamp": 4591.47, "Bench": 8097.06, "Shoes": 6143.680000000002, "Hat": 7488.059999999994, "Pants": 6896.59, "Clock": 7131.459999999999, "Chair": 6550.490000000001, "Gloves": 7179.569999999999, "Shirt": 7327.470000000001, "Bottle": 6055.989999999999, "Coat": 6311.369999999999, "Table": 7417.600000000002, "Wallet": 6324.590000000001, "Knife": 6712.460000000001}