{"Home": 3319.5600000000004, "Tools": 3852.3099999999995, "Toys & Music": 213.23999999999998, "Toys": 2928.34, "Electronics": 2705.94, "Electronics & Health": 190.38, "Kids & Books": 140.16, "Clothing & Baby": 175.01, "Shoes": 2732.509999999999, "Garden & Sports": 210.53000000000003, "Tools & Kids": 174.16, "Electronics & Movies": 287.74, "Grocery & Electronics": 163.66000000000003, "Games": 2860.64, "Tools & Books": 206.33, "Kids": 2589.23, "Beauty & Toys": 110.25999999999999, "Outdoors & Garden": 320.95, "Clothing & Automotive": 46.65, "Games & Garden": 254.17, "Health": 2954.7299999999996, "Computers & Clothing": 169.68, "Electronics & Grocery": 256.25, "Movies & Baby": 187.87, "Home & Movies": 149.9, "Jewelry": 2209.22, "Automotive & Home": 448.1, "Computers": 3135.360000000001, "Games & Grocery": 137.76, "Sports": 2777.2899999999995, "Grocery": 2574.379999999999, "Garden": 3060.590000000001, "Baby": 2361.7999999999993, "Industrial & Garden": 176.98000000000002, "Music": 3875.1699999999996, "Clothing & Electronics": 145.97, "Music & Games": 565.67, "Sports & Jewelry": 275.62, "Clothing & Shoes": 69.94, "Industrial": 3206.4799999999996, "Toys & Clothing": 291.03, "Clothing & Health": 61.19, "Home & Electronics": 123.38, "Garden & Electronics": 381.40000000000003, "Books & Computers": 19.48, "Health & Outdoors": 368.72, "Kids & Movies": 287.08, "Games & Home": 273.57, "Books & Movies": 82.27000000000001, "Clothing": 3204.63, "Books & Industrial": 463.5599999999999, "Outdoors & Jewelry": 175.63, "Outdoors & Electronics": 224.11, "Outdoors & Games": 178.15, "Clothing & Books": 67.53, "Movies & Books": 298.19, "Movies & Health": 437.93000000000006, "Shoes & Health": 78.7, "Jewelry & Grocery": 25.83, "Kids & Electronics": 88.0, "Movies": 2732.2700000000004, "Sports & Music": 339.91, "Outdoors & Movies": 102.69999999999999, "Health & Computers": 471.07, "Music & Kids": 207.44, "Toys & Health": 169.1, "Industrial & Electronics": 214.49, "Home & Baby": 182.88, "Books & Clothing": 142.92000000000002, "Toys & Outdoors": 264.91, "Industrial & Kids": 238.87, "Sports & Home": 358.89, "Industrial & Sports": 221.43, "Beauty": 3503.2200000000003, "Automotive": 2754.9700000000007, "Kids & Home": 176.76999999999998, "Movies & Industrial": 152.75, "Outdoors & Baby": 100.3, "Health & Industrial": 176.35999999999999, "Music & Jewelry": 253.5, "Clothing & Garden": 211.81, "Jewelry & Automotive": 269.84000000000003, "Baby & Electronics": 173.47, "Music & Clothing": 44.77, "Computers & Sports": 125.00999999999999, "Kids & Beauty": 189.51999999999998, "Movies & Computers": 121.46000000000001, "Home & Automotive": 296.54, "Beauty & Grocery": 256.51, "Industrial & Games": 267.54999999999995, "Games & Health": 193.57, "Computers & Games": 278.82, "Health & Electronics": 148.3, "Movies & Grocery": 94.4, "Movies & Electronics": 125.25, "Outdoors & Shoes": 135.39, "Automotive & Tools": 401.2, "Games & Automotive": 254.69, "Automotive & Jewelry": 30.73, "Outdoors": 2659.27, "Tools & Electronics": 143.82999999999998, "Beauty & Outdoors": 168.43, "Books": 2697.6400000000003, "Industrial & Health": 67.94, "Toys & Industrial": 313.19, "Baby & Automotive": 80.71, "Computers & Jewelry": 60.66, "Health & Garden": 381.76, "Shoes & Music": 123.80000000000001, "Tools & Toys": 299.43, "Clothing & Grocery": 179.82999999999998, "Books & Toys": 291.90999999999997, "Kids & Grocery": 271.86, "Beauty & Garden": 122.11, "Games & Jewelry": 130.25, "Jewelry & Sports": 44.18, "Industrial & Outdoors": 197.12, "Outdoors & Sports": 308.76, "Garden & Beauty": 207.60999999999999, "Electronics & Clothing": 76.91, "Toys & Beauty": 224.22, "Music & Grocery": 11.21, "Beauty & Baby": 199.52, "Automotive & Shoes": 134.26, "Books & Sports": 449.85999999999996, "Tools & Shoes": 164.37, "Health & Games": 62.78, "Grocery & Games": 253.84, "Jewelry & Outdoors": 122.85, "Kids & Computers": 144.49, "Health & Shoes": 279.38, "Garden & Health": 161.25, "Beauty & Automotive": 387.13, "Clothing & Industrial": 76.22, "Toys & Automotive": 343.34000000000003, "Books & Home": 203.88, "Shoes & Garden": 217.59000000000003, "Beauty & Movies": 313.20000000000005, "Sports & Beauty": 171.11, "Movies & Jewelry": 132.95999999999998, "Health & Clothing": 95.7, "Health & Grocery": 173.35, "Grocery & Music": 99.39, "Baby & Industrial": 126.91, "Grocery & Beauty": 185.73, "Automotive & Baby": 249.60000000000002, "Clothing & Games": 354.56999999999994, "Music & Movies": 203.26999999999998, "Garden & Kids": 102.71000000000001, "Health & Baby": 147.77, "Toys & Home": 119.55000000000001, "Garden & Books": 272.68, "Books & Baby": 245.15000000000003, "Industrial & Shoes": 209.62, "Health & Jewelry": 142.51, "Grocery & Tools": 278.62, "Computers & Automotive": 226.72, "Electronics & Baby": 54.53, "Health & Toys": 50.55, "Jewelry & Games": 79.71000000000001, "Outdoors & Toys": 187.20000000000005, "Kids & Sports": 74.58, "Shoes & Electronics": 269.33000000000004, "Games & Baby": 54.47, "Sports & Garden": 116.62, "Movies & Tools": 265.65999999999997, "Electronics & Games": 72.86, "Industrial & Home": 106.44999999999999, "Sports & Industrial": 251.58999999999997, "Music & Garden": 129.14999999999998, "Computers & Garden": 111.06, "Books & Music": 380.99, "Automotive & Clothing": 262.4, "Jewelry & Kids": 158.98, "Kids & Outdoors": 162.01, "Baby & Tools": 124.75, "Sports & Toys": 77.76, "Automotive & Toys": 139.47, "Toys & Computers": 34.41, "Beauty & Sports": 358.12, "Games & Toys": 355.67999999999995, "Industrial & Clothing": 276.28, "Tools & Jewelry": 68.8, "Home & Clothing": 350.88, "Books & Automotive": 249.69, "Music & Industrial": 422.36, "Health & Home": 243.52, "Books & Electronics": 99.98, "Industrial & Computers": 208.41000000000003, "Computers & Music": 236.26000000000002, "Books & Jewelry": 247.89000000000001, "Home & Garden": 48.33, "Baby & Health": 160.57999999999998, "Baby & Jewelry": 357.36, "Health & Kids": 30.99, "Music & Outdoors": 177.34, "Grocery & Garden": 204.82, "Computers & Grocery": 243.51, "Garden & Industrial": 92.65, "Baby & Toys": 198.72, "Movies & Garden": 192.54, "Garden & Grocery": 156.34, "Jewelry & Shoes": 156.65, "Shoes & Games": 127.21000000000001, "Garden & Games": 107.46000000000001, "Automotive & Games": 204.51999999999998, "Outdoors & Home": 131.44, "Shoes & Home": 106.61, "Grocery & Outdoors": 83.32, "Shoes & Industrial": 139.12, "Tools & Beauty": 199.14, "Baby & Music": 143.09, "Computers & Movies": 31.52, "Beauty & Electronics": 112.83, "Shoes & Sports": 336.13, "Grocery & Industrial": 342.33000000000004, "Garden & Shoes": 333.96000000000004, "Sports & Baby": 143.01, "Automotive & Kids": 174.74, "Beauty & Music": 230.26000000000002, "Garden & Music": 257.18, "Toys & Sports": 63.39, "Music & Shoes": 100.47000000000001, "Clothing & Computers": 449.73, "Industrial & Jewelry": 121.64000000000001, "Home & Outdoors": 8.81, "Industrial & Automotive": 101.35, "Grocery & Kids": 48.8, "Tools & Health": 103.78999999999999, "Shoes & Outdoors": 139.73, "Clothing & Outdoors": 241.37, "Books & Kids": 264.04999999999995, "Home & Books": 43.81, "Sports & Health": 109.25, "Health & Music": 162.67, "Beauty & Shoes": 134.72, "Garden & Home": 264.31, "Games & Books": 203.72, "Electronics & Jewelry": 113.82, "Electronics & Home": 172.56, "Automotive & Outdoors": 31.96, "Electronics & Tools": 75.0, "Movies & Games": 299.67999999999995, "Beauty & Books": 112.28, "Clothing & Home": 91.1, "Home & Shoes": 174.75, "Home & Tools": 145.13, "Computers & Beauty": 34.79, "Baby & Kids": 146.29000000000002, "Kids & Games": 164.88, "Kids & Music": 239.11, "Automotive & Garden": 115.76, "Shoes & Beauty": 28.54, "Games & Tools": 168.51999999999998, "Jewelry & Home": 379.54, "Industrial & Music": 291.43, "Beauty & Industrial": 229.44, "Computers & Electronics": 154.62, "Industrial & Movies": 89.93, "Sports & Games": 206.79999999999998, "Tools & Automotive": 161.33, "Computers & Books": 234.63, "Garden & Baby": 256.34000000000003,