{"Aluminum": 29092.109999999997, "Steel": 28097.749999999996, "Granite": 30895.429999999982, "Rubber": 30990.60999999998, "Concrete": 30007.710000000003, "Silk": 27930.389999999978, "Cotton": 29587.87, "Paper": 28621.170000000002, "Copper": 28245.330000000016, "Marble": 29590.58, "Leather": 30465.26999999995, "Iron": 28769.279999999995, "Wool": 29442.890000000014, "Plastic": 29080.929999999997, "Wooden": 28130.63, "Bronze": 26844.74999999999, "Linen": 32311.57999999998}