{"Wooden": 8205.720000000003, "Wool": 7050.970000000003, "Marble": 7954.1, "Rubber": 7583.69, "Leather": 7681.22, "Cotton": 8287.559999999996, "Granite": 8034.869999999996, "Paper": 7326.090000000004, "Plastic": 8409.049999999996, "Concrete": 7446.859999999999, "Copper": 8372.82, "Bronze": 7855.349999999999, "Linen": 7887.310000000001, "Steel": 7289.4800000000005, "Iron": 7784.310000000002, "Aluminum": 7775.310000000002, "Silk": 7485.110000000003}