{"lilac": 7226.17, "taupe": 6788.369999999998, "turquoise": 6409.32, "scarlet": 7614.220000000002, "byzantium": 7160.240000000002, "grey": 7566.419999999998, "olive": 7570.54, "lime": 7083.880000000001, "red": 7050.819999999998, "green": 6646.149999999996, "mauve": 7314.200000000002, "ultramarine": 7544.879999999999, "puce": 6801.469999999999, "pear": 5904.050000000005, "gray": 8017.179999999997, "crimson": 7736.449999999998, "magenta": 7584.240000000003, "burgundy": 6361.689999999995, "tan": 7970.989999999997, "amber": 6325.180000000001, "bronze": 7414.08, "apricot": 5980.939999999998, "maroon": 7033.3099999999995, "cyan": 7845.089999999998, "aquamarine": 7571.490000000004, "champagne": 7524.959999999998, "orchid": 5975.210000000003, "cerise": 6970.730000000001, "blue": 7627.400000000001, "pink": 6969.46, "silver": 7622.990000000005, "emerald": 6107.53, "chocolate": 5719.19, "brown": 6219.370000000004, "amethyst": 6262.859999999999, "lavender": 6879.380000000001, "white": 7502.259999999999, "purple": 6438.25, "gold": 6462.619999999999, "black": 6452.660000000001, "plum": 7748.539999999999, "ochre": 6371.210000000003, "viridian": 7918.620000000002, "raspberry": 7706.9000000000015, "cerulean": 6951.089999999999, "ivory": 7562.550000000001, "fuchsia": 6720.26, "copper": 8362.25, "azure": 6788.420000000002, "harlequin": 6052.649999999998, "sapphire": 7094.6399999999985, "amaranth": 6777.710000000002, "blush": 7078.680000000003, "sky": 7942.96, "coral": 7584.12, "jade": 7123.009999999998, "violet": 8462.549999999997, "teal": 6355.180000000002, "erin": 7005.170000000002, "beige": 6961.280000000002, "salmon": 6972.430000000005, "orange": 6092.209999999998, "yellow": 6579.5199999999995, "peach": 6669.000000000001, "sangria": 6529.539999999998, "carmine": 6362.8600000000015, "rose": 7064.949999999997, "periwinkle": 8203.179999999995, "lemon": 6026.0599999999995, "ruby": 5913.6100000000015, "indigo": 6386.389999999998, "coffee": 5390.570000000001}