{"Sports": 13374.250000000005, "Shoes & Kids": 1009.8800000000001, "Beauty & Outdoors": 590.3199999999999, "Tools": 12680.440000000006, "Baby": 12621.820000000002, "Movies": 10665.409999999996, "Garden": 11048.810000000001, "Baby & Electronics": 401.21000000000004, "Home & Outdoors": 476.04, "Automotive & Health": 579.4100000000001, "Music & Books": 557.24, "Outdoors & Shoes": 830.3399999999998, "Shoes": 10647.319999999994, "Sports & Books": 437.33, "Outdoors": 10878.540000000008, "Industrial": 11309.390000000005, "Movies & Games": 940.5200000000001, "Computers & Automotive": 668.9, "Beauty": 10936.770000000002, "Automotive": 9867.190000000006, "Health": 12772.929999999995, "Home": 10785.560000000001, "Tools & Grocery": 741.08, "Clothing": 12017.680000000013, "Industrial & Toys": 397.11, "Electronics": 12255.009999999993, "Health & Grocery": 515.44, "Baby & Tools": 881.17, "Home & Industrial": 653.44, "Baby & Outdoors": 456.56000000000006, "Jewelry": 9716.140000000001, "Movies & Industrial": 570.56, "Outdoors & Tools": 463.38, "Games & Electronics": 1039.99, "Toys": 11988.459999999995, "Computers": 12014.900000000007, "Books & Jewelry": 596.4200000000001, "Electronics & Games": 618.6400000000001, "Kids & Jewelry": 611.1800000000001, "Garden & Outdoors": 670.45, "Music & Sports": 643.9999999999999, "Grocery": 9993.829999999998, "Games": 10719.1, "Home & Garden": 784.18, "Outdoors & Clothing": 358.96000000000004, "Jewelry & Toys": 465.56, "Sports & Clothing": 830.32, "Home & Automotive": 384.62, "Kids": 11872.010000000007, "Tools & Toys": 339.29, "Jewelry & Tools": 474.58000000000004, "Books & Tools": 356.83000000000004, "Clothing & Tools": 735.96, "Beauty & Toys": 197.48999999999998, "Games & Garden": 460.89, "Automotive & Garden": 1193.1499999999999, "Baby & Books": 333.01000000000005, "Books & Garden": 618.19, "Grocery & Baby": 528.91, "Sports & Industrial": 535.99, "Kids & Baby": 312.71, "Tools & Jewelry": 934.16, "Beauty & Sports": 477.69000000000005, "Shoes & Sports": 352.41, "Games & Shoes": 744.39, "Computers & Toys": 468.91999999999996, "Music & Jewelry": 658.8, "Tools & Music": 569.91, "Outdoors & Baby": 513.99, "Beauty & Movies": 541.87, "Computers & Tools": 523.16, "Electronics & Health": 688.1799999999998, "Home & Health": 685.4599999999999, "Health & Toys": 979.3599999999999, "Home & Beauty": 361.53, "Toys & Shoes": 610.89, "Tools & Games": 836.5600000000002, "Tools & Clothing": 577.2, "Kids & Grocery": 302.7, "Shoes & Games": 255.85000000000002, "Books": 11543.929999999997, "Jewelry & Garden": 770.3700000000001, "Music & Health": 479.6, "Books & Kids": 440.10999999999996, "Grocery & Health": 835.0799999999999, "Outdoors & Grocery": 814.4600000000002, "Games & Outdoors": 657.7599999999999, "Electronics & Clothing": 778.25, "Toys & Games": 599.8, "Tools & Movies": 271.43000000000006, "Garden & Sports": 587.32, "Baby & Clothing": 262.17999999999995, "Tools & Home": 520.51, "Books & Automotive": 440.23999999999995, "Music": 12183.40000000001, "Books & Games": 453.50000000000006, "Baby & Automotive": 957.86, "Outdoors & Beauty": 340.55, "Tools & Beauty": 392.39, "Health & Jewelry": 380.66, "Jewelry & Beauty": 660.23, "Outdoors & Computers": 290.99, "Baby & Home": 519.34, "Outdoors & Electronics": 611.98, "Home & Baby": 691.6999999999999, "Kids & Books": 177.22, "Movies & Beauty": 762.0700000000002, "Shoes & Beauty": 366.47, "Kids & Toys": 544.44, "Industrial & Jewelry": 568.9599999999998, "Grocery & Computers": 383.38, "Industrial & Beauty": 698.8800000000001, "Tools & Shoes": 575.41, "Kids & Beauty": 558.12, "Computers & Sports": 779.12, "Jewelry & Movies": 360.14, "Toys & Tools": 462.76, "Garden & Home": 588.7, "Garden & Grocery": 516.83, "Automotive & Shoes": 1101.62, "Industrial & Books": 555.8, "Computers & Books": 167.8, "Clothing & Grocery": 486.72, "Jewelry & Clothing": 534.11, "Jewelry & Health": 540.07, "Computers & Grocery": 428.35, "Beauty & Electronics": 702.55, "Music & Garden": 435.44000000000005, "Tools & Health": 586.19, "Grocery & Automotive": 406.3, "Movies & Sports": 494.03, "Tools & Automotive": 451.3, "Electronics & Kids": 613.3199999999999, "Books & Music": 840.25, "Home & Tools": 853.8399999999999, "Movies & Books": 570.73, "Music & Baby": 212.79, "Industrial & Shoes": 352.15, "Automotive & Toys": 896.7900000000001, "Games & Jewelry": 848.4199999999997, "Games & Computers": 561.5699999999999, "Industrial & Kids": 728.3900000000001, "Garden & Baby": 725.73, "Beauty & Garden": 832.4599999999999, "Garden & Beauty": 500.96999999999997, "Books & Electronics": 658.3899999999999, "Jewelry & Outdoors": 994.77, "Toys & Beauty": 663.2399999999999, "Automotive & Tools": 871.3100000000001, "Beauty & Books": 721.69, "Electronics & Beauty": 565.57, "Baby & Shoes": 369.48, "Clothing & Books": 461.95, "Industrial & Tools": 501.33, "Shoes & Automotive": 912.65, "Industrial & Baby": 319.0, "Health & Outdoors": 837.46, "Music & Toys": 284.86, "Clothing & Beauty": 753.1600000000001, "Movies & Clothing": 596.4699999999999, "Kids & Music": 301.53, "Automotive & Baby": 644.4399999999999, "Music & Electronics": 522.2, "Garden & Industrial": 374.63, "Games & Health": 370.39, "Beauty & Baby": 602.78, "Tools & Sports": 539.99, "Shoes & Outdoors": 495.42, "Kids & Health": 429.0, "Grocery & Music": 400.52, "Books & Health": 160.13, "Outdoors & Jewelry": 293.41999999999996, "Sports & Movies": 302.82, "Tools & Industrial": 422.73, "Tools & Books": 536.96, "Outdoors & Sports": 602.14, "Electronics & Books": 529.3599999999999, "Grocery & Sports": 469.31, "Beauty & Computers": 458.33, "Electronics & Tools": 737.9599999999999, "Games & Baby": 591.51, "Electronics & Grocery": 517.87, "Clothing & Jewelry": 395.37, "Outdoors & Movies": 904.41, "Grocery & Electronics": 571.1200000000001, "Shoes & Industrial": 841.8300000000002, "Health & Sports": 375.30999999999995, "Health & Electronics": 585.99, "Music & Games": 542.48, "Movies & Health": 648.82, "Garden & Games": 510.24999999999994, "Grocery & Toys": 309.13000000000005, "Music & Clothing": 250.87, "Computers & Games": 591.76, "Health & Kids": 717.56, "Garden & Tools": 473.31, "Sports & Grocery": 447.24, "Music & Grocery": 540.43, "Beauty & Jewelry": 633.63, "Clothing & Shoes": 684.4199999999998, "Baby & Music": 660.8399999999999, "Home & Kids": 656.01, "Grocery & Kids": 581.8700000000001, "Health & Shoes": 341.53999999999996, "Sports & Baby": 758.67, "Games & Movies": 629.19, "Movies & Grocery": 1113.0299999999997, "Health & Movies": 848.34, "Computers & Shoes": 436.69, "Home & Toys": 462.74, "Music & Automotive": 355.03, "Kids & Garden": 710.0, "Outdoors & Home": 420.84999999999997, "Outdoors & Automotive": 335.95, "Grocery & Games": 904.11, "Jewelry & Books": 799.28, "Sports & Music": 421.7, "Outdoors & Music": 548.69, "Clothing & Home": 383.30999999999995, "Sports & Automotive": 742.48, "Games & Home": 430.58000000000004, "Clothing & Sports": 454.03, "Grocery & Tools": 704.5500000000001, "Shoes & Tools": 1157.1500000000003, "Toys & Clothing": 432.99, "Toys & Books": 503.32, "Jewelry & Baby": 585.62, "Jewelry & Shoes": 548.64, "Home & Sports": 670.4000000000001, "Industrial & Games": 557.26, "Toys & Industrial": 525.37, "Books & Computers": 187.01, "Industrial & Grocery": 456.48999999999995, "Music & Shoes": 547.0, "Clothing & Music": 481.53000000000003, "Electronics & Shoes": 450.08000000000004, "Movies & Baby": 616.74, "Automotive & Industrial": 546.92, "Tools & Baby": 800.52, "Garden & Movies": 1103.8400000000001, "Toys & Garden": 676.56, "Music & Beauty": 303.46000000000004, "Shoes & Music": 731.23, "Grocery & Clothing": 453.64, "Books & Home": 422.25, "Kids & Shoes": 603.46, "Computers & Music": 357.24, "Electronics & Toys": 943.8600000000001, "Sports & Kids": 663.3399999999999, "Beauty & Clothing": 774.37, "Movies & Home": 611.73, "Shoes & Toys": 398.44, "Kids & Industrial": 344.84000000000003, "Garden & Toys": 591.96, "Sports & Health": 108.47999999999999, "Movies & Garden": 735.6999999999999,