{"Car": 26486.65000000001, "Pants": 26383.070000000036, "Coat": 24672.129999999986, "Wallet": 25327.34999999999, "Knife": 25960.25, "Table": 25508.439999999988, "Plate": 26645.07999999998, "Shoes": 24427.029999999988, "Shirt": 22983.629999999986, "Lamp": 24745.15000000001, "Clock": 24284.449999999986, "Computer": 26418.169999999962, "Watch": 23997.379999999997, "Bag": 25996.470000000005, "Chair": 25627.379999999997, "Bottle": 23769.8, "Hat": 27495.800000000014, "Bench": 24360.94999999999, "Keyboard": 22165.510000000006, "Gloves": 24759.659999999978}