{"Wool": 27502.15, "Cotton": 28904.670000000002, "Rubber": 29298.06999999998, "Granite": 30991.509999999977, "Marble": 30434.920000000006, "Silk": 30537.43999999998, "Bronze": 30127.18000000002, "Iron": 29859.229999999956, "Copper": 27673.339999999997, "Wooden": 31943.949999999968, "Aluminum": 29755.889999999992, "Linen": 28699.439999999988, "Plastic": 26887.280000000013, "Leather": 30293.770000000026, "Paper": 31395.309999999972, "Concrete": 29895.950000000008, "Steel": 27814.250000000004}